name,surname,age,email
Pedrsdso,Persdsez,35,pedro.peresdz@gmail.com
Peadasddrsdso,Persadssdsez,35,pedro.perasdasesdz@gmail.com
Peadasddrsdso,Persadssdsez,35,pedro.perasdasesdssdz@gmail.com
Amy,Howard,22,AmyHoward.373600@gmail.com
Brandon,Young,22,BrandonYoung.874221@gmail.com
Christina,Sosa,73,ChristinaSosa.974899@gmail.com
Mallory,Sanchez,61,MallorySanchez.307964@gmail.com
Kendra,Martin,68,KendraMartin.312936@gmail.com
Kimberly,Conway,52,KimberlyConway.625420@gmail.com
Timothy,Welch,41,TimothyWelch.185573@gmail.com
Michelle,Barnes,33,MichelleBarnes.643909@gmail.com
Brandon,Gray,18,BrandonGray.125921@gmail.com
Carlos,Cameron,69,CarlosCameron.220955@gmail.com
Troy,Thompson,35,TroyThompson.860281@gmail.com
Connor,Curry,18,ConnorCurry.986278@gmail.com
Charles,Knight,63,CharlesKnight.549479@gmail.com
James,Carson,28,JamesCarson.825825@gmail.com
James,Carson,28,JamesCarson.825825@gmail.com
Jacqueline,Lambert,33,JacquelineLambert.456874@gmail.com
Antonio,Peterson,20,AntonioPeterson.974991@gmail.com
Kayla,Medina,23,KaylaMedina.531546@gmail.com
Stephen,Lee,51,StephenLee.548560@gmail.com
Heather,Harvey,66,HeatherHarvey.797774@gmail.com
Katelyn,Mcbride,37,KatelynMcbride.583849@gmail.com
Charlene,Bell,57,CharleneBell.653642@gmail.com
Kimberly,Mills,23,KimberlyMills.989283@gmail.com
Jesse,Hughes,64,JesseHughes.371548@gmail.com
Nicholas,Chan,30,NicholasChan.662397@gmail.com
Timothy,Chen,77,TimothyChen.382713@gmail.com
Mitchell,Mccoy,65,MitchellMccoy.557095@gmail.com
Ashley,Cabrera,22,AshleyCabrera.477244@gmail.com
Susan,Marshall,69,SusanMarshall.294524@gmail.com
Selena,Phillips,62,SelenaPhillips.881772@gmail.com
Donald,Sandoval,30,DonaldSandoval.816209@gmail.com
Janice,West,20,JaniceWest.968625@gmail.com
Wesley,Lopez,64,WesleyLopez.178212@gmail.com
Michael,Howard,28,MichaelHoward.393925@gmail.com
Jason,Reed,30,JasonReed.986421@gmail.com
David,Murphy,38,DavidMurphy.761499@gmail.com
Cynthia,Rubio,73,CynthiaRubio.828631@gmail.com
Lori,Day,74,LoriDay.509834@gmail.com
George,Rodriguez,35,GeorgeRodriguez.505656@gmail.com
Katherine,Miller,31,KatherineMiller.212143@gmail.com
Lauren,Figueroa,51,LaurenFigueroa.773902@gmail.com
Jacob,Diaz,82,JacobDiaz.85962@gmail.com
Michelle,Robbins,79,MichelleRobbins.307426@gmail.com
Wesley,Harris,29,WesleyHarris.694708@gmail.com
Isaac,Thompson,79,IsaacThompson.780645@gmail.com
Daniel,King,64,DanielKing.718024@gmail.com
Troy,Taylor,45,TroyTaylor.37164@gmail.com
Anthony,Higgins,63,AnthonyHiggins.647138@gmail.com
Wesley,Hart,31,WesleyHart.373912@gmail.com
Allison,Pitts,20,AllisonPitts.462728@gmail.com
Allison,Pitts,20,AllisonPitts.462728@gmail.com
Melissa,Brewer,77,MelissaBrewer.36837@gmail.com
Julia,Silva,36,JuliaSilva.262597@gmail.com
Christine,Barajas,29,ChristineBarajas.168559@gmail.com
Peter,Guzman,81,PeterGuzman.990669@gmail.com
Travis,Lawson,35,TravisLawson.182392@gmail.com
John,Morton,52,JohnMorton.363345@gmail.com
Gregory,Gross,46,GregoryGross.937262@gmail.com
Christopher,Wilson,56,ChristopherWilson.658367@gmail.com
Marie,Bailey,63,MarieBailey.356292@gmail.com
Billy,Jones,81,BillyJones.846567@gmail.com
Misty,Fernandez,30,MistyFernandez.976960@gmail.com
Sandra,Richardson,44,SandraRichardson.288486@gmail.com
Suzanne,Young,66,SuzanneYoung.832608@gmail.com
Patricia,Griffin,28,PatriciaGriffin.493407@gmail.com
Courtney,Rowe,22,CourtneyRowe.540732@gmail.com
Elizabeth,Anderson,58,ElizabethAnderson.29956@gmail.com
Derrick,Richardson,72,DerrickRichardson.419516@gmail.com
Leonard,Schaefer,22,LeonardSchaefer.22758@gmail.com
Cathy,Sampson,78,CathySampson.823636@gmail.com
Michael,Scott,36,MichaelScott.324286@gmail.com
Christina,Ortiz,72,ChristinaOrtiz.391103@gmail.com
Brenda,Carlson,49,BrendaCarlson.28725@gmail.com
Kathleen,Jones,32,KathleenJones.681206@gmail.com
Stephen,Reyes,67,StephenReyes.120269@gmail.com
Victoria,Garcia,26,VictoriaGarcia.453212@gmail.com
Rita,Harris,26,RitaHarris.275846@gmail.com
Cheryl,Flores,67,CherylFlores.442025@gmail.com
Adam,Fisher,18,AdamFisher.188894@gmail.com
Joyce,Singleton,85,JoyceSingleton.181967@gmail.com
Ricardo,Jackson,44,RicardoJackson.124306@gmail.com
Rose,Lopez,74,RoseLopez.656369@gmail.com
Holly,Fox,27,HollyFox.89506@gmail.com
Ryan,Jones,85,RyanJones.966939@gmail.com
Shannon,Carter,31,ShannonCarter.901819@gmail.com
Phillip,Smith,83,PhillipSmith.442340@gmail.com
Brian,Miller,29,BrianMiller.122571@gmail.com
Nicole,Houston,85,NicoleHouston.893878@gmail.com
Andrew,Cummings,41,AndrewCummings.21431@gmail.com
Faith,Blevins,79,FaithBlevins.222306@gmail.com
Brandon,Lewis,53,BrandonLewis.440121@gmail.com
Heidi,Harris,38,HeidiHarris.109310@gmail.com
Lauren,Reilly,24,LaurenReilly.341483@gmail.com
Shannon,Dyer,22,ShannonDyer.830462@gmail.com
Scott,Flores,74,ScottFlores.260163@gmail.com
Jane,Summers,74,JaneSummers.886517@gmail.com
Maureen,Stewart,53,MaureenStewart.27110@gmail.com
Jamie,Buchanan,60,JamieBuchanan.434015@gmail.com
James,Pierce,83,JamesPierce.402368@gmail.com
Mary,Taylor,27,MaryTaylor.920240@gmail.com
Jessica,Rivera,42,JessicaRivera.536031@gmail.com
Nichole,Terry,40,NicholeTerry.769539@gmail.com
Nicole,Rodriguez,62,NicoleRodriguez.791560@gmail.com
Timothy,Howell,77,TimothyHowell.941145@gmail.com
Jessica,Herrera,41,JessicaHerrera.787371@gmail.com
Meredith,Warren,58,MeredithWarren.245623@gmail.com
James,Kim,77,JamesKim.380113@gmail.com
Claudia,Kelly,22,ClaudiaKelly.192213@gmail.com
Jeffrey,Moore,83,JeffreyMoore.631917@gmail.com
David,Smith,28,DavidSmith.417993@gmail.com
Megan,Butler,23,MeganButler.73038@gmail.com
Steven,Malone,41,StevenMalone.301715@gmail.com
Lisa,Martin,77,LisaMartin.366306@gmail.com
Rachel,Carlson,70,RachelCarlson.310236@gmail.com
Christopher,Williams,66,ChristopherWilliams.463263@gmail.com
Ralph,Fisher,75,RalphFisher.176443@gmail.com
Erin,Lam,26,ErinLam.875972@gmail.com
Ashley,Jones,39,AshleyJones.932427@gmail.com
Jessica,Wilson,37,JessicaWilson.952298@gmail.com
Rebecca,Carlson,25,RebeccaCarlson.999059@gmail.com
Veronica,Lester,73,VeronicaLester.224791@gmail.com
Christopher,Cox,55,ChristopherCox.848008@gmail.com
Jason,Ingram,42,JasonIngram.513183@gmail.com
Kelly,Valentine,59,KellyValentine.641088@gmail.com
Cory,Hughes,41,CoryHughes.111998@gmail.com
James,Johnson,30,JamesJohnson.544897@gmail.com
Teresa,Walker,48,TeresaWalker.619245@gmail.com
